"","ï..Host.Genotype","Symbiont.Genotype","Sporulated"
"1",126,126,1
"2",126,126,1
"3",126,126,1
"4",126,126,0
"5",126,126,1
"6",126,126,1
"7",126,126,1
"8",126,126,0
"9",126,126,1
"10",126,126,0
"11",126,126,0
"12",126,126,0
"13",126,126,1
"14",126,126,1
"15",126,126,1
"16",126,126,0
"17",126,126,1
"18",126,126,1
"19",126,126,1
"20",126,126,0
"21",126,126,1
"22",126,126,1
"23",126,126,1
"24",126,126,1
"25",126,126,1
"26",126,126,1
"27",126,126,0
"28",126,126,0
"29",126,126,1
"30",126,126,1
"31",126,126,1
"32",126,126,0
"33",126,126,1
"34",126,126,1
"35",126,126,1
"36",126,126,1
"37",126,126,1
"38",126,126,1
"39",126,126,1
"40",126,126,0
"41",126,215,0
"42",126,215,0
"43",126,215,0
"44",126,215,0
"45",126,215,0
"46",126,215,0
"47",126,215,0
"48",126,215,0
"49",126,215,0
"50",126,215,0
"51",126,215,0
"52",126,215,0
"53",126,215,0
"54",126,215,0
"55",126,215,0
"56",126,215,0
"57",126,215,0
"58",126,215,0
"59",126,215,0
"60",126,215,0
"61",126,215,1
"62",126,215,0
"63",126,215,0
"64",126,215,0
"65",126,215,0
"66",126,215,0
"67",126,215,0
"68",126,215,0
"69",126,215,1
"70",126,215,1
"71",126,215,0
"72",126,215,0
"73",126,215,1
"74",126,215,1
"75",126,215,0
"76",126,215,0
"77",126,215,0
"78",126,215,0
"79",126,215,0
"80",126,215,0
"81",126,305,1
"82",126,305,1
"83",126,305,0
"84",126,305,0
"85",126,305,0
"86",126,305,0
"87",126,305,0
"88",126,305,0
"89",126,305,1
"90",126,305,1
"91",126,305,1
"92",126,305,0
"93",126,305,1
"94",126,305,0
"95",126,305,0
"96",126,305,0
"97",126,305,0
"98",126,305,0
"99",126,305,0
"100",126,305,0
"101",126,305,1
"102",126,305,0
"103",126,305,0
"104",126,305,0
"105",126,305,1
"106",126,305,0
"107",126,305,0
"108",126,305,0
"109",126,305,0
"110",126,305,0
"111",126,305,0
"112",126,305,0
"113",126,305,0
"114",126,305,0
"115",126,305,0
"116",126,305,0
"117",126,305,0
"118",126,305,0
"119",126,305,0
"120",126,305,0
"121",126,313,1
"122",126,313,1
"123",126,313,1
"124",126,313,0
"125",126,313,0
"126",126,313,0
"127",126,313,0
"128",126,313,0
"129",126,313,1
"130",126,313,0
"131",126,313,0
"132",126,313,0
"133",126,313,0
"134",126,313,0
"135",126,313,0
"136",126,313,0
"137",126,313,1
"138",126,313,1
"139",126,313,0
"140",126,313,0
"141",126,313,1
"142",126,313,0
"143",126,313,0
"144",126,313,0
"145",126,313,0
"146",126,313,0
"147",126,313,0
"148",126,313,0
"149",126,313,1
"150",126,313,1
"151",126,313,1
"152",126,313,0
"153",126,313,1
"154",126,313,0
"155",126,313,0
"156",126,313,0
"157",126,313,1
"158",126,313,0
"159",126,313,0
"160",126,313,0
"161",126,319,1
"162",126,319,1
"163",126,319,0
"164",126,319,0
"165",126,319,1
"166",126,319,0
"167",126,319,0
"168",126,319,0
"169",126,319,1
"170",126,319,1
"171",126,319,1
"172",126,319,0
"173",126,319,1
"174",126,319,0
"175",126,319,0
"176",126,319,0
"177",126,319,1
"178",126,319,1
"179",126,319,0
"180",126,319,0
"181",126,319,1
"182",126,319,1
"183",126,319,0
"184",126,319,0
"185",126,319,1
"186",126,319,1
"187",126,319,1
"188",126,319,0
"189",126,319,1
"190",126,319,1
"191",126,319,1
"192",126,319,1
"193",126,319,1
"194",126,319,0
"195",126,319,0
"196",126,319,0
"197",126,319,1
"198",126,319,1
"199",126,319,1
"200",126,319,0
"201",215,126,1
"202",215,126,1
"203",215,126,1
"204",215,126,0
"205",215,126,1
"206",215,126,1
"207",215,126,1
"208",215,126,0
"209",215,126,1
"210",215,126,1
"211",215,126,0
"212",215,126,0
"213",215,126,1
"214",215,126,0
"215",215,126,0
"216",215,126,0
"217",215,126,1
"218",215,126,1
"219",215,126,1
"220",215,126,0
"221",215,126,1
"222",215,126,1
"223",215,126,0
"224",215,126,0
"225",215,126,1
"226",215,126,1
"227",215,126,1
"228",215,126,1
"229",215,126,1
"230",215,126,0
"231",215,126,0
"232",215,126,0
"233",215,126,1
"234",215,126,1
"235",215,126,1
"236",215,126,0
"237",215,126,1
"238",215,126,1
"239",215,126,0
"240",215,126,0
"241",215,215,1
"242",215,215,1
"243",215,215,0
"244",215,215,0
"245",215,215,1
"246",215,215,1
"247",215,215,0
"248",215,215,0
"249",215,215,1
"250",215,215,0
"251",215,215,0
"252",215,215,0
"253",215,215,1
"254",215,215,1
"255",215,215,0
"256",215,215,0
"257",215,215,1
"258",215,215,0
"259",215,215,0
"260",215,215,0
"261",215,215,1
"262",215,215,0
"263",215,215,0
"264",215,215,0
"265",215,215,1
"266",215,215,0
"267",215,215,0
"268",215,215,0
"269",215,215,1
"270",215,215,1
"271",215,215,1
"272",215,215,0
"273",215,215,0
"274",215,215,0
"275",215,215,0
"276",215,215,0
"277",215,215,0
"278",215,215,0
"279",215,215,0
"280",215,215,0
"281",215,222,0
"282",215,222,0
"283",215,222,0
"284",215,222,0
"285",215,222,0
"286",215,222,0
"287",215,222,0
"288",215,222,0
"289",215,222,0
"290",215,222,0
"291",215,222,0
"292",215,222,0
"293",215,222,0
"294",215,222,0
"295",215,222,0
"296",215,222,0
"297",215,222,0
"298",215,222,0
"299",215,222,0
"300",215,222,0
"301",215,222,1
"302",215,222,0
"303",215,222,0
"304",215,222,0
"305",215,222,0
"306",215,222,0
"307",215,222,0
"308",215,222,0
"309",215,222,0
"310",215,222,0
"311",215,222,0
"312",215,222,0
"313",215,222,0
"314",215,222,0
"315",215,222,0
"316",215,222,0
"317",215,222,0
"318",215,222,0
"319",215,222,0
"320",215,222,0
"321",215,305,0
"322",215,305,0
"323",215,305,0
"324",215,305,0
"325",215,305,0
"326",215,305,0
"327",215,305,0
"328",215,305,0
"329",215,305,0
"330",215,305,0
"331",215,305,0
"332",215,305,0
"333",215,305,0
"334",215,305,0
"335",215,305,0
"336",215,305,0
"337",215,305,1
"338",215,305,0
"339",215,305,0
"340",215,305,0
"341",215,305,0
"342",215,305,0
"343",215,305,0
"344",215,305,0
"345",215,305,0
"346",215,305,0
"347",215,305,0
"348",215,305,0
"349",215,305,0
"350",215,305,0
"351",215,305,0
"352",215,305,0
"353",215,305,0
"354",215,305,0
"355",215,305,0
"356",215,305,0
"357",215,305,0
"358",215,305,0
"359",215,305,0
"360",215,305,0
"361",215,313,0
"362",215,313,0
"363",215,313,0
"364",215,313,0
"365",215,313,1
"366",215,313,0
"367",215,313,0
"368",215,313,0
"369",215,313,0
"370",215,313,0
"371",215,313,0
"372",215,313,0
"373",215,313,0
"374",215,313,0
"375",215,313,0
"376",215,313,0
"377",215,313,0
"378",215,313,0
"379",215,313,0
"380",215,313,0
"381",215,313,0
"382",215,313,0
"383",215,313,0
"384",215,313,0
"385",215,313,0
"386",215,313,0
"387",215,313,0
"388",215,313,0
"389",215,313,0
"390",215,313,0
"391",215,313,0
"392",215,313,0
"393",215,313,0
"394",215,313,0
"395",215,313,0
"396",215,313,0
"397",215,313,0
"398",215,313,0
"399",215,313,0
"400",215,319,1
"401",215,319,0
"402",215,319,0
"403",215,319,0
"404",215,319,1
"405",215,319,0
"406",215,319,0
"407",215,319,0
"408",215,319,0
"409",215,319,0
"410",215,319,0
"411",215,319,0
"412",215,319,1
"413",215,319,1
"414",215,319,1
"415",215,319,0
"416",215,319,0
"417",215,319,0
"418",215,319,0
"419",215,319,0
"420",215,319,0
"421",215,319,0
"422",215,319,0
"423",215,319,0
"424",215,319,0
"425",215,319,0
"426",215,319,0
"427",215,319,0
"428",215,319,1
"429",215,319,0
"430",215,319,0
"431",215,319,0
"432",215,319,0
"433",215,319,0
"434",215,319,0
"435",215,319,0
"436",215,319,0
"437",215,319,0
"438",215,319,0
"439",215,319,0
"440",215,0,1
"441",215,0,1
"442",215,0,1
"443",215,0,0
"444",215,0,1
"445",215,0,1
"446",215,0,0
"447",215,0,0
"448",215,0,1
"449",215,0,1
"450",215,0,1
"451",215,0,0
"452",215,0,1
"453",215,0,1
"454",215,0,0
"455",215,0,0
"456",215,0,1
"457",215,0,1
"458",215,0,1
"459",215,0,1
"460",215,0,1
"461",215,0,1
"462",215,0,1
"463",215,0,0
"464",215,0,1
"465",215,0,1
"466",215,0,1
"467",215,0,0
"468",215,0,1
"469",215,0,1
"470",215,0,1
"471",215,0,0
"472",215,0,1
"473",215,0,1
"474",215,0,1
"475",215,0,0
"476",215,0,1
"477",215,0,1
"478",215,0,1
"479",215,0,0
"480",222,126,1
"481",222,126,1
"482",222,126,0
"483",222,126,0
"484",222,126,0
"485",222,126,0
"486",222,126,0
"487",222,126,0
"488",222,126,1
"489",222,126,0
"490",222,126,0
"491",222,126,0
"492",222,126,0
"493",222,126,0
"494",222,126,0
"495",222,126,0
"496",222,126,0
"497",222,126,0
"498",222,126,0
"499",222,126,0
"500",222,126,0
"501",222,126,0
"502",222,126,0
"503",222,126,0
"504",222,126,0
"505",222,126,0
"506",222,126,0
"507",222,126,0
"508",222,126,0
"509",222,126,0
"510",222,126,0
"511",222,126,0
"512",222,126,1
"513",222,126,0
"514",222,126,0
"515",222,126,0
"516",222,126,1
"517",222,126,0
"518",222,126,0
"519",222,126,0
"520",222,222,0
"521",222,222,0
"522",222,222,0
"523",222,222,0
"524",222,222,0
"525",222,222,0
"526",222,222,0
"527",222,222,0
"528",222,222,0
"529",222,222,0
"530",222,222,0
"531",222,222,0
"532",222,222,0
"533",222,222,0
"534",222,222,0
"535",222,222,0
"536",222,222,0
"537",222,222,0
"538",222,222,0
"539",222,222,0
"540",222,222,0
"541",222,222,0
"542",222,305,0
"543",222,305,0
"544",222,305,0
"545",222,305,0
"546",222,305,0
"547",222,305,0
"548",222,305,0
"549",222,305,0
"550",222,305,0
"551",222,305,0
"552",222,305,0
"553",222,305,0
"554",222,305,0
"555",222,305,0
"556",222,305,0
"557",222,305,0
"558",222,305,0
"559",222,305,0
"560",222,305,0
"561",222,305,0
"562",222,305,0
"563",222,305,0
"564",222,305,0
"565",222,305,0
"566",222,305,1
"567",222,305,0
"568",222,305,0
"569",222,305,0
"570",222,305,0
"571",222,305,0
"572",222,305,0
"573",222,305,0
"574",222,305,0
"575",222,305,0
"576",222,305,0
"577",222,305,0
"578",222,305,0
"579",222,305,0
"580",222,305,0
"581",222,305,0
"582",222,313,0
"583",222,313,0
"584",222,313,0
"585",222,313,0
"586",222,313,0
"587",222,313,0
"588",222,313,0
"589",222,313,0
"590",222,313,0
"591",222,313,0
"592",222,313,0
"593",222,313,0
"594",222,313,0
"595",222,313,0
"596",222,313,0
"597",222,313,0
"598",222,313,0
"599",222,313,0
"600",222,313,0
"601",222,313,0
"602",222,313,0
"603",222,313,0
"604",222,313,0
"605",222,313,0
"606",222,313,0
"607",222,313,0
"608",222,313,0
"609",222,313,0
"610",222,313,0
"611",222,313,0
"612",222,313,0
"613",222,313,0
"614",222,313,0
"615",222,313,0
"616",222,313,0
"617",222,313,0
"618",222,313,0
"619",222,313,0
"620",222,313,0
"621",222,313,0
"622",222,319,1
"623",222,319,1
"624",222,319,0
"625",222,319,0
"626",222,319,1
"627",222,319,0
"628",222,319,0
"629",222,319,0
"630",222,319,1
"631",222,319,0
"632",222,319,0
"633",222,319,0
"634",222,319,0
"635",222,319,0
"636",222,319,0
"637",222,319,0
"638",222,319,0
"639",222,319,0
"640",222,319,0
"641",222,319,0
"642",222,319,0
"643",222,319,0
"644",222,319,0
"645",222,319,0
"646",222,319,0
"647",222,319,0
"648",222,319,0
"649",222,319,0
"650",222,319,0
"651",222,319,0
"652",222,319,0
"653",222,319,0
"654",222,319,0
"655",222,319,0
"656",222,319,0
"657",222,319,0
"658",222,319,1
"659",222,319,1
"660",222,319,0
"661",222,319,0
"662",222,0,1
"663",222,0,1
"664",222,0,0
"665",222,0,0
"666",222,0,1
"667",222,0,0
"668",222,0,0
"669",222,0,0
"670",222,0,0
"671",222,0,0
"672",222,0,0
"673",222,0,0
"674",222,0,1
"675",222,0,1
"676",222,0,0
"677",222,0,0
"678",222,0,1
"679",222,0,1
"680",222,0,0
"681",222,0,0
"682",222,0,1
"683",222,0,0
"684",222,0,0
"685",222,0,0
"686",222,0,1
"687",222,0,1
"688",222,0,0
"689",222,0,0
"690",222,0,0
"691",222,0,0
"692",222,0,0
"693",222,0,0
"694",222,0,0
"695",222,0,0
"696",222,0,0
"697",222,0,0
"698",222,0,1
"699",222,0,1
"700",222,0,1
"701",222,0,0
"702",305,126,1
"703",305,126,1
"704",305,126,0
"705",305,126,0
"706",305,126,1
"707",305,126,1
"708",305,126,1
"709",305,126,0
"710",305,126,1
"711",305,126,1
"712",305,126,1
"713",305,126,1
"714",305,126,1
"715",305,126,1
"716",305,126,1
"717",305,126,1
"718",305,126,1
"719",305,126,1
"720",305,126,1
"721",305,126,1
"722",305,126,1
"723",305,126,1
"724",305,126,1
"725",305,126,0
"726",305,126,1
"727",305,126,1
"728",305,126,1
"729",305,126,0
"730",305,126,1
"731",305,126,1
"732",305,126,1
"733",305,126,1
"734",305,126,1
"735",305,126,1
"736",305,126,1
"737",305,126,0
"738",305,126,1
"739",305,126,1
"740",305,126,1
"741",305,126,1
"742",305,215,1
"743",305,215,0
"744",305,215,0
"745",305,215,0
"746",305,215,1
"747",305,215,1
"748",305,215,1
"749",305,215,1
"750",305,215,1
"751",305,215,0
"752",305,215,0
"753",305,215,0
"754",305,215,1
"755",305,215,1
"756",305,215,0
"757",305,215,0
"758",305,215,1
"759",305,215,1
"760",305,215,0
"761",305,215,0
"762",305,215,1
"763",305,215,1
"764",305,215,1
"765",305,215,1
"766",305,215,0
"767",305,215,0
"768",305,215,0
"769",305,215,0
"770",305,215,1
"771",305,215,1
"772",305,215,1
"773",305,215,0
"774",305,215,1
"775",305,215,0
"776",305,215,0
"777",305,215,0
"778",305,215,1
"779",305,215,0
"780",305,215,0
"781",305,215,0
"782",305,222,1
"783",305,222,1
"784",305,222,1
"785",305,222,1
"786",305,222,1
"787",305,222,1
"788",305,222,1
"789",305,222,1
"790",305,222,1
"791",305,222,1
"792",305,222,1
"793",305,222,0
"794",305,222,1
"795",305,222,1
"796",305,222,1
"797",305,222,1
"798",305,222,1
"799",305,222,1
"800",305,222,1
"801",305,222,0
"802",305,222,1
"803",305,222,1
"804",305,222,1
"805",305,222,0
"806",305,222,1
"807",305,222,1
"808",305,222,0
"809",305,222,0
"810",305,222,1
"811",305,222,1
"812",305,222,1
"813",305,222,0
"814",305,222,1
"815",305,222,1
"816",305,222,1
"817",305,222,0
"818",305,222,1
"819",305,222,1
"820",305,222,1
"821",305,222,1
"822",305,305,1
"823",305,305,1
"824",305,305,1
"825",305,305,1
"826",305,305,1
"827",305,305,1
"828",305,305,1
"829",305,305,1
"830",305,305,1
"831",305,305,1
"832",305,305,1
"833",305,305,0
"834",305,305,1
"835",305,305,1
"836",305,305,1
"837",305,305,1
"838",305,305,1
"839",305,305,1
"840",305,305,1
"841",305,305,1
"842",305,305,1
"843",305,305,1
"844",305,305,1
"845",305,305,0
"846",305,305,1
"847",305,305,1
"848",305,305,1
"849",305,305,1
"850",305,305,1
"851",305,305,0
"852",305,305,0
"853",305,305,0
"854",305,305,1
"855",305,305,1
"856",305,305,0
"857",305,305,0
"858",305,305,1
"859",305,305,1
"860",305,305,0
"861",305,305,0
"862",305,313,1
"863",305,313,1
"864",305,313,1
"865",305,313,0
"866",305,313,1
"867",305,313,1
"868",305,313,0
"869",305,313,0
"870",305,313,1
"871",305,313,0
"872",305,313,0
"873",305,313,0
"874",305,313,1
"875",305,313,1
"876",305,313,1
"877",305,313,0
"878",305,313,1
"879",305,313,1
"880",305,313,1
"881",305,313,0
"882",305,313,1
"883",305,313,1
"884",305,313,1
"885",305,313,0
"886",305,313,1
"887",305,313,0
"888",305,313,0
"889",305,313,0
"890",305,313,1
"891",305,313,1
"892",305,313,0
"893",305,313,0
"894",305,313,1
"895",305,313,1
"896",305,313,0
"897",305,313,0
"898",305,313,1
"899",305,313,1
"900",305,313,1
"901",305,313,0
"902",305,319,1
"903",305,319,1
"904",305,319,0
"905",305,319,0
"906",305,319,1
"907",305,319,1
"908",305,319,1
"909",305,319,0
"910",305,319,1
"911",305,319,0
"912",305,319,0
"913",305,319,0
"914",305,319,1
"915",305,319,1
"916",305,319,1
"917",305,319,1
"918",305,319,1
"919",305,319,1
"920",305,319,0
"921",305,319,0
"922",305,319,1
"923",305,319,1
"924",305,319,0
"925",305,319,0
"926",305,319,1
"927",305,319,1
"928",305,319,0
"929",305,319,0
"930",305,319,1
"931",305,319,1
"932",305,319,0
"933",305,319,0
"934",305,319,1
"935",305,319,0
"936",305,319,0
"937",305,319,0
"938",305,319,1
"939",305,319,1
"940",305,319,0
"941",305,319,0
"942",305,0,1
"943",305,0,1
"944",305,0,0
"945",305,0,0
"946",305,0,1
"947",305,0,1
"948",305,0,0
"949",305,0,0
"950",305,0,1
"951",305,0,1
"952",305,0,1
"953",305,0,1
"954",305,0,1
"955",305,0,1
"956",305,0,1
"957",305,0,1
"958",305,0,1
"959",305,0,1
"960",305,0,1
"961",305,0,1
"962",305,0,1
"963",305,0,1
"964",305,0,1
"965",305,0,1
"966",305,0,1
"967",305,0,1
"968",305,0,1
"969",305,0,1
"970",305,0,1
"971",305,0,1
"972",305,0,1
"973",305,0,1
"974",305,0,1
"975",305,0,1
"976",305,0,1
"977",305,0,1
"978",305,0,1
"979",305,0,1
"980",305,0,1
"981",305,0,1
"982",313,126,1
"983",313,126,1
"984",313,126,0
"985",313,126,0
"986",313,126,1
"987",313,126,1
"988",313,126,1
"989",313,126,0
"990",313,126,1
"991",313,126,1
"992",313,126,0
"993",313,126,0
"994",313,126,1
"995",313,126,1
"996",313,126,1
"997",313,126,1
"998",313,126,1
"999",313,126,1
"1000",313,126,1
"1001",313,126,0
"1002",313,126,1
"1003",313,126,0
"1004",313,126,0
"1005",313,126,0
"1006",313,126,1
"1007",313,126,1
"1008",313,126,1
"1009",313,126,0
"1010",313,126,1
"1011",313,126,1
"1012",313,126,1
"1013",313,126,1
"1014",313,126,1
"1015",313,126,1
"1016",313,126,1
"1017",313,126,0
"1018",313,126,1
"1019",313,126,1
"1020",313,126,1
"1021",313,126,1
"1022",313,215,0
"1023",313,215,0
"1024",313,215,0
"1025",313,215,0
"1026",313,215,0
"1027",313,215,0
"1028",313,215,0
"1029",313,215,0
"1030",313,215,0
"1031",313,215,0
"1032",313,215,0
"1033",313,215,0
"1034",313,215,0
"1035",313,215,0
"1036",313,215,0
"1037",313,215,0
"1038",313,215,0
"1039",313,215,0
"1040",313,215,0
"1041",313,215,0
"1042",313,215,1
"1043",313,215,0
"1044",313,215,0
"1045",313,215,0
"1046",313,215,1
"1047",313,215,0
"1048",313,215,0
"1049",313,215,0
"1050",313,215,1
"1051",313,215,0
"1052",313,215,0
"1053",313,215,0
"1054",313,215,0
"1055",313,215,0
"1056",313,215,0
"1057",313,215,0
"1058",313,215,0
"1059",313,215,0
"1060",313,215,0
"1061",313,215,0
"1062",313,222,0
"1063",313,222,0
"1064",313,222,0
"1065",313,222,0
"1066",313,222,0
"1067",313,222,0
"1068",313,222,0
"1069",313,222,0
"1070",313,222,0
"1071",313,222,0
"1072",313,222,0
"1073",313,222,0
"1074",313,222,0
"1075",313,222,0
"1076",313,222,0
"1077",313,222,0
"1078",313,222,0
"1079",313,222,0
"1080",313,222,0
"1081",313,222,0
"1082",313,222,0
"1083",313,222,0
"1084",313,222,0
"1085",313,222,0
"1086",313,222,0
"1087",313,222,0
"1088",313,222,0
"1089",313,222,0
"1090",313,222,0
"1091",313,222,0
"1092",313,222,0
"1093",313,222,0
"1094",313,222,0
"1095",313,222,0
"1096",313,222,0
"1097",313,222,0
"1098",313,222,0
"1099",313,222,0
"1100",313,222,0
"1101",313,222,0
"1102",313,313,0
"1103",313,313,0
"1104",313,313,0
"1105",313,313,0
"1106",313,313,0
"1107",313,313,0
"1108",313,313,0
"1109",313,313,0
"1110",313,313,1
"1111",313,313,0
"1112",313,313,0
"1113",313,313,0
"1114",313,313,1
"1115",313,313,0
"1116",313,313,0
"1117",313,313,0
"1118",313,313,0
"1119",313,313,0
"1120",313,313,0
"1121",313,313,0
"1122",313,313,0
"1123",313,313,0
"1124",313,313,0
"1125",313,313,0
"1126",313,313,0
"1127",313,313,0
"1128",313,313,0
"1129",313,313,0
"1130",313,313,0
"1131",313,313,0
"1132",313,313,0
"1133",313,313,0
"1134",313,313,0
"1135",313,313,0
"1136",313,313,0
"1137",313,313,0
"1138",313,313,1
"1139",313,313,0
"1140",313,313,0
"1141",313,313,0
"1142",313,319,0
"1143",313,319,0
"1144",313,319,0
"1145",313,319,0
"1146",313,319,0
"1147",313,319,0
"1148",313,319,0
"1149",313,319,0
"1150",313,319,1
"1151",313,319,1
"1152",313,319,0
"1153",313,319,0
"1154",313,319,0
"1155",313,319,0
"1156",313,319,0
"1157",313,319,0
"1158",313,319,1
"1159",313,319,1
"1160",313,319,0
"1161",313,319,0
"1162",313,319,1
"1163",313,319,1
"1164",313,319,0
"1165",313,319,0
"1166",313,319,1
"1167",313,319,0
"1168",313,319,0
"1169",313,319,0
"1170",313,319,0
"1171",313,319,0
"1172",313,319,0
"1173",313,319,0
"1174",313,319,1
"1175",313,319,1
"1176",313,319,0
"1177",313,319,0
"1178",313,319,1
"1179",313,319,1
"1180",313,319,1
"1181",313,319,0
"1182",313,0,1
"1183",313,0,1
"1184",313,0,1
"1185",313,0,1
"1186",313,0,1
"1187",313,0,1
"1188",313,0,1
"1189",313,0,1
"1190",313,0,1
"1191",313,0,1
"1192",313,0,1
"1193",313,0,0
"1194",313,0,1
"1195",313,0,1
"1196",313,0,1
"1197",313,0,1
"1198",313,0,1
"1199",313,0,1
"1200",313,0,0
"1201",313,0,0
"1202",313,0,1
"1203",313,0,1
"1204",313,0,1
"1205",313,0,0
"1206",313,0,1
"1207",313,0,1
"1208",313,0,1
"1209",313,0,0
"1210",313,0,1
"1211",313,0,1
"1212",313,0,1
"1213",313,0,1
"1214",313,0,1
"1215",313,0,1
"1216",313,0,1
"1217",313,0,1
"1218",313,0,1
"1219",313,0,1
"1220",313,0,1
"1221",313,0,1
"1222",319,126,1
"1223",319,126,1
"1224",319,126,1
"1225",319,126,0
"1226",319,126,1
"1227",319,126,1
"1228",319,126,0
"1229",319,126,0
"1230",319,126,1
"1231",319,126,1
"1232",319,126,1
"1233",319,126,0
"1234",319,126,1
"1235",319,126,1
"1236",319,126,1
"1237",319,126,0
"1238",319,126,1
"1239",319,126,1
"1240",319,126,0
"1241",319,126,0
"1242",319,126,1
"1243",319,126,1
"1244",319,126,1
"1245",319,126,1
"1246",319,126,1
"1247",319,126,0
"1248",319,126,0
"1249",319,126,0
"1250",319,126,1
"1251",319,126,1
"1252",319,126,1
"1253",319,126,0
"1254",319,126,1
"1255",319,126,1
"1256",319,126,1
"1257",319,126,1
"1258",319,126,1
"1259",319,126,0
"1260",319,126,0
"1261",319,126,0
"1262",319,215,1
"1263",319,215,0
"1264",319,215,0
"1265",319,215,0
"1266",319,215,0
"1267",319,215,0
"1268",319,215,0
"1269",319,215,0
"1270",319,215,0
"1271",319,215,0
"1272",319,215,0
"1273",319,215,0
"1274",319,215,0
"1275",319,215,0
"1276",319,215,0
"1277",319,215,0
"1278",319,215,1
"1279",319,215,0
"1280",319,215,0
"1281",319,215,0
"1282",319,215,1
"1283",319,215,0
"1284",319,215,0
"1285",319,215,0
"1286",319,215,1
"1287",319,215,0
"1288",319,215,0
"1289",319,215,0
"1290",319,215,0
"1291",319,215,0
"1292",319,215,0
"1293",319,215,0
"1294",319,215,0
"1295",319,215,0
"1296",319,215,0
"1297",319,215,0
"1298",319,215,0
"1299",319,215,0
"1300",319,215,0
"1301",319,215,0
"1302",319,222,1
"1303",319,222,1
"1304",319,222,0
"1305",319,222,0
"1306",319,222,1
"1307",319,222,0
"1308",319,222,0
"1309",319,222,0
"1310",319,222,0
"1311",319,222,0
"1312",319,222,0
"1313",319,222,0
"1314",319,222,1
"1315",319,222,0
"1316",319,222,0
"1317",319,222,0
"1318",319,222,1
"1319",319,222,0
"1320",319,222,0
"1321",319,222,0
"1322",319,222,0
"1323",319,222,0
"1324",319,222,0
"1325",319,222,0
"1326",319,222,1
"1327",319,222,1
"1328",319,222,0
"1329",319,222,0
"1330",319,222,0
"1331",319,222,0
"1332",319,222,0
"1333",319,222,0
"1334",319,222,1
"1335",319,222,1
"1336",319,222,0
"1337",319,222,0
"1338",319,222,0
"1339",319,222,0
"1340",319,222,0
"1341",319,222,0
"1342",319,305,1
"1343",319,305,0
"1344",319,305,0
"1345",319,305,0
"1346",319,305,1
"1347",319,305,0
"1348",319,305,0
"1349",319,305,0
"1350",319,305,1
"1351",319,305,1
"1352",319,305,0
"1353",319,305,0
"1354",319,305,1
"1355",319,305,0
"1356",319,305,0
"1357",319,305,0
"1358",319,305,1
"1359",319,305,1
"1360",319,305,1
"1361",319,305,1
"1362",319,305,1
"1363",319,305,1
"1364",319,305,0
"1365",319,305,0
"1366",319,305,0
"1367",319,305,0
"1368",319,305,0
"1369",319,305,0
"1370",319,305,0
"1371",319,305,0
"1372",319,305,0
"1373",319,305,0
"1374",319,305,1
"1375",319,305,0
"1376",319,305,0
"1377",319,305,0
"1378",319,305,1
"1379",319,305,1
"1380",319,305,0
"1381",319,305,0
"1382",319,313,1
"1383",319,313,1
"1384",319,313,1
"1385",319,313,0
"1386",319,313,1
"1387",319,313,0
"1388",319,313,0
"1389",319,313,0
"1390",319,313,1
"1391",319,313,0
"1392",319,313,0
"1393",319,313,0
"1394",319,313,1
"1395",319,313,0
"1396",319,313,0
"1397",319,313,0
"1398",319,313,1
"1399",319,313,0
"1400",319,313,0
"1401",319,313,0
"1402",319,313,1
"1403",319,313,0
"1404",319,313,0
"1405",319,313,0
"1406",319,313,0
"1407",319,313,0
"1408",319,313,0
"1409",319,313,0
"1410",319,313,1
"1411",319,313,0
"1412",319,313,0
"1413",319,313,0
"1414",319,313,1
"1415",319,313,0
"1416",319,313,0
"1417",319,313,0
"1418",319,313,1
"1419",319,313,0
"1420",319,313,0
"1421",319,313,0
"1422",319,319,0
"1423",319,319,0
"1424",319,319,0
"1425",319,319,0
"1426",319,319,1
"1427",319,319,1
"1428",319,319,1
"1429",319,319,0
"1430",319,319,1
"1431",319,319,1
"1432",319,319,0
"1433",319,319,0
"1434",319,319,0
"1435",319,319,0
"1436",319,319,0
"1437",319,319,0
"1438",319,319,1
"1439",319,319,1
"1440",319,319,0
"1441",319,319,0
"1442",319,319,0
"1443",319,319,0
"1444",319,319,0
"1445",319,319,0
"1446",319,319,0
"1447",319,319,0
"1448",319,319,0
"1449",319,319,0
"1450",319,319,1
"1451",319,319,0
"1452",319,319,0
"1453",319,319,0
"1454",319,319,0
"1455",319,319,0
"1456",319,319,0
"1457",319,319,0
"1458",319,319,0
"1459",319,319,0
"1460",319,319,0
"1461",319,319,0
"1462",319,0,1
"1463",319,0,1
"1464",319,0,1
"1465",319,0,0
"1466",319,0,1
"1467",319,0,1
"1468",319,0,0
"1469",319,0,0
"1470",319,0,1
"1471",319,0,1
"1472",319,0,0
"1473",319,0,0
"1474",319,0,1
"1475",319,0,1
"1476",319,0,1
"1477",319,0,0
"1478",319,0,1
"1479",319,0,1
"1480",319,0,1
"1481",319,0,0
"1482",319,0,1
"1483",319,0,1
"1484",319,0,1
"1485",319,0,0
"1486",319,0,1
"1487",319,0,1
"1488",319,0,0
"1489",319,0,0
"1490",319,0,1
"1491",319,0,1
"1492",319,0,1
"1493",319,0,0
"1494",319,0,1
"1495",319,0,1
"1496",319,0,1
"1497",319,0,0
"1498",319,0,1
"1499",319,0,1
"1500",319,0,0
"1501",319,0,0
